order_id,account_id,sku,qty,due,site_id
SO-5001,C-111,D-100,12,2026-10-21,PON
SO-5002,C-111,D-110,4,2026-10-21,PON
SO-5003,C-111,E-400,3,2026-10-21,PON
SO-5004,C-112,D-100,12,2026-10-21,PON
SO-5005,C-112,D-110,4,2026-10-21,PON
SO-5006,C-112,E-400,3,2026-10-21,PON
SO-5007,C-113,D-100,12,2026-10-21,PON
SO-5008,C-113,D-110,4,2026-10-21,PON
SO-5009,C-113,E-400,3,2026-10-21,PON
SO-5010,C-114,D-100,12,2026-10-21,PON
SO-5011,C-114,D-110,4,2026-10-21,PON
SO-5012,C-114,E-400,3,2026-10-21,PON
SO-5013,C-115,D-100,12,2026-10-21,PON
SO-5014,C-115,D-110,4,2026-10-21,PON
SO-5015,C-115,E-400,3,2026-10-21,PON
SO-5016,C-116,D-100,12,2026-10-21,PON
SO-5017,C-116,D-110,4,2026-10-21,PON
SO-5018,C-116,E-400,3,2026-10-21,PON
SO-5019,C-117,D-100,12,2026-10-21,PON
SO-5020,C-117,D-110,4,2026-10-21,PON
SO-5021,C-117,E-400,3,2026-10-21,PON
SO-5022,C-118,D-100,12,2026-10-21,PON
SO-5023,C-118,D-110,4,2026-10-21,PON
SO-5024,C-118,E-400,3,2026-10-21,PON
SO-5025,C-119,D-100,12,2026-10-21,PON
SO-5026,C-119,D-110,4,2026-10-21,PON
SO-5027,C-119,E-400,3,2026-10-21,PON
SO-5028,C-101,A-600,20,2026-10-21,PON
SO-5029,C-101,G-800,20,2026-10-22,PON
SO-5030,C-102,W-810,15,2026-10-21,PON
SO-5031,C-103,K-610,10,2026-10-22,PON
SO-5032,C-104,G-800,20,2026-10-21,PON
SO-5033,C-104,W-810,10,2026-10-22,PON
SO-5034,C-105,A-600,15,2026-10-21,PON
SO-5035,C-106,K-610,8,2026-10-21,PON
SO-5036,C-122,M-900,10,2026-10-21,PON
SO-5037,C-123,A-600,10,2026-10-22,PON
SO-5038,C-131,W-810,10,2026-10-21,PON
SO-5039,C-133,G-800,10,2026-10-21,PON
SO-5040,C-212,D-100,12,2026-10-21,CAR
SO-5041,C-212,D-110,4,2026-10-21,CAR
SO-5042,C-212,E-400,3,2026-10-21,CAR
SO-5043,C-213,D-100,12,2026-10-21,CAR
SO-5044,C-213,D-110,4,2026-10-21,CAR
SO-5045,C-213,E-400,3,2026-10-21,CAR
SO-5046,C-305,D-100,12,2026-10-21,MAY
SO-5047,C-305,D-110,4,2026-10-21,MAY
SO-5048,C-305,E-400,3,2026-10-21,MAY
SO-5049,C-201,V-500,60,2026-10-21,CAR
SO-5050,C-201,G-800,40,2026-10-22,CAR
SO-5051,C-203,V-500,60,2026-10-22,CAR
SO-5052,C-205,M-900,8,2026-10-22,CAR
SO-5053,C-301,G-800,20,2026-10-21,MAY
SO-5054,C-302,A-600,15,2026-10-22,MAY
