contract_id,account_id,type,terms,mvol_usd,end_date
CT-01,C-101,SUP,STD-H,420000,2027-12-31
CT-02,C-102,SUP,STD-H,260000,2027-06-30
CT-03,C-103,SUP,STD-H,300000,2027-09-30
CT-04,C-104,SUP,STD-H,280000,2027-12-31
CT-05,C-105,SUP,STD-H,340000,2028-03-31
CT-06,C-106,SUP,STD-H,260000,2027-06-30
CT-07,C-201,SUP,STD-H,610000,2028-06-30
CT-08,C-202,SUP,STD-H,280000,2027-12-31
CT-09,C-203,SUP,STD-H,520000,2027-12-31
CT-10,C-204,SUP,STD-H,300000,2027-09-30
CT-11,C-301,SUP,STD-H,390000,2028-03-31
CT-12,C-302,SUP,STD-H,240000,2027-06-30
CT-20,C-111,SUP,STD-D,90000,2027-12-31
CT-21,C-112,SUP,STD-D,95000,2027-12-31
CT-22,C-113,SUP,STD-D,100000,2027-12-31
CT-23,C-114,SUP,STD-D,105000,2027-12-31
CT-24,C-115,SUP,STD-D,90000,2027-12-31
CT-25,C-116,SUP,STD-D,95000,2027-12-31
CT-26,C-117,SUP,STD-D,100000,2027-12-31
CT-27,C-118,SUP,STD-D,105000,2027-12-31
CT-28,C-119,SUP,STD-D,90000,2027-12-31
CT-29,C-212,SUP,STD-D,95000,2027-12-31
CT-30,C-213,SUP,STD-D,100000,2027-12-31
CT-31,C-305,SUP,STD-D,105000,2027-12-31
CT-40,C-141,EMG,EMG-20,0,2027-06-30
VEH-01,C-306,VEH,VEH,0,2027-03-31
VEH-02,C-210,VEH,VEH,0,2027-06-30
VEH-03,C-211,VEH,VEH,0,2026-11-30
