lot_id,sku,site_id,qty,plt,expiry,supplier_lot
LP-1001,D-100,PON,200,5,2027-08-31,ARS-55120
LP-1002,D-110,PON,60,2,2028-01-31,ARS-55311
LP-1003,D-120,PON,50,2,2028-03-31,ARS-55402
LP-1004,H-200,PON,40,1,2027-05-31,ATP-8812
LP-1005,E-400,PON,50,2,2027-02-28,PSB-2207
LP-1006,I-300,PON,60,3,2027-04-30,PSB-2291
LP-1007,I-310,PON,30,2,2027-03-31,ATP-8930
LP-1008,V-500,PON,150,6,2028-06-30,CMS-40112
LP-1009,A-600,PON,80,2,2027-11-30,ATP-9014
LP-1010,K-610,PON,50,1,2027-09-30,ATP-9120
LP-1011,T-700,PON,25,2,2027-06-30,PSB-2330
LP-1012,W-810,PON,90,3,2028-12-31,CMS-40207
LP-1013,G-800,PON,120,4,2029-01-31,CMS-40355
LP-1014,M-900,PON,20,2,2027-07-31,VSR-1170
LP-1015,Y-910,PON,12,1,2027-06-30,VSR-1182
LP-1016,L-920,PON,10,1,2027-04-30,VSR-1191
LC-2001,D-100,CAR,180,5,2027-09-30,ARS-55188
LC-2002,D-110,CAR,90,3,2028-02-29,ARS-55320
LC-2003,D-120,CAR,80,3,2028-03-31,ARS-55410
LC-2004,H-200,CAR,90,2,2027-06-30,ATP-8840
LC-2005,E-400,CAR,40,2,2027-03-31,PSB-2215
LC-2006,I-300,CAR,70,3,2027-05-31,PSB-2296
LC-2007,I-310,CAR,40,2,2027-04-30,ATP-8941
LC-2008,V-500,CAR,300,12,2028-07-31,CMS-40130
LC-2009,A-600,CAR,120,3,2027-12-31,ATP-9020
LC-2010,K-610,CAR,80,2,2027-10-31,ATP-9133
LC-2011,T-700,CAR,30,2,2027-07-31,PSB-2341
LC-2012,W-810,CAR,160,5,2029-01-31,CMS-40219
LC-2013,G-800,CAR,300,10,2029-02-28,CMS-40360
LC-2014,M-900,CAR,25,2,2027-08-31,VSR-1175
LC-2015,Y-910,CAR,20,1,2027-07-31,VSR-1185
LC-2016,L-920,CAR,18,1,2027-05-31,VSR-1194
LM-3001,D-100,MAY,60,2,2027-08-31,ARS-55131
LM-3002,D-110,MAY,30,1,2028-01-31,ARS-55318
LM-3003,D-120,MAY,30,1,2028-03-31,ARS-55407
LM-3004,H-200,MAY,30,1,2027-05-31,ATP-8816
LM-3005,E-400,MAY,15,1,2027-02-28,PSB-2209
LM-3006,I-300,MAY,20,1,2027-04-30,PSB-2293
LM-3007,I-310,MAY,10,1,2027-03-31,ATP-8933
LM-3008,V-500,MAY,80,3,2028-06-30,CMS-40118
LM-3009,A-600,MAY,40,1,2027-11-30,ATP-9017
LM-3010,K-610,MAY,30,1,2027-09-30,ATP-9126
LM-3011,T-700,MAY,10,1,2027-06-30,PSB-2334
LM-3012,W-810,MAY,50,2,2028-12-31,CMS-40210
LM-3013,G-800,MAY,80,3,2029-01-31,CMS-40357
LM-3014,M-900,MAY,8,1,2027-07-31,VSR-1172
LM-3015,Y-910,MAY,6,1,2027-06-30,VSR-1183
LM-3016,L-920,MAY,6,1,2027-04-30,VSR-1192
